Expedition,Site,Hole,Core,Type,Section,A/W,Offset (mm),CSF-A (m),CSF-B (m),Test No.,TextID,Voltage (kV),Tube Current (mA),Live Time (s),Real Time (s),Down-Core Slit (mm),Cross-Core Slit (mm),Filter,Total Counts Per Second,Mg-Ka Area,Al-Ka Area,Si-Ka Area,P -Ka Area,S -Ka Area,Cl-Ka Area,Ar-Ka Area,K -Ka Area,Ca-Ka Area,Ti-Ka Area,Cr-Ka Area,Mn-Ka Area,Fe-Ka Area,Rh-La-Coh Area,Instrument,Scan Number,Date of Measure,Time of Measure,Uploaded By,Date Uploaded,Comment
382,U1538,A,4,H,4,A,40.0,31.34,31.326,44596472,SHLF9961561,10,0.16,6,7,10,12,No-Filter,123435,-45,2284,69051,137,1931,72905,-2692,20987,21443,10870,-81,1735,120755,42471,XRF2,1,2019-10-09,16:05:25,LEVAY_B,2019-11-05 16:39:02,~1mm accessory; with film; XRF 2
382,U1538,A,4,H,4,A,80.0,31.38,31.366,44596472,SHLF9961561,10,0.16,6,7,10,12,No-Filter,126090,-19,2313,74032,87,2137,74655,-3436,20982,21852,10884,-318,1790,119267,44165,XRF2,1,2019-10-09,16:05:42,LEVAY_B,2019-11-05 16:39:02,~1mm accessory; with film; XRF 2
382,U1538,A,4,H,4,A,120.0,31.42,31.406000000000002,44596472,SHLF9961561,10,0.16,6,7,10,12,No-Filter,122759,-47,2104,67312,79,1800,73160,-3124,20333,21171,10863,101,1747,117487,43300,XRF2,1,2019-10-09,16:05:59,LEVAY_B,2019-11-05 16:39:02,~1mm accessory; with film; XRF 2
382,U1538,A,4,H,4,A,160.0,31.46,31.446,44596472,SHLF9961561,10,0.16,6,7,10,12,No-Filter,128920,-17,2733,76442,171,1787,73257,-3527,22645,24800,12234,-80,1972,129151,44276,XRF2,1,2019-10-09,16:06:16,LEVAY_B,2019-11-05 16:39:02,~1mm accessory; with film; XRF 2
382,U1538,A,4,H,4,A,200.0,31.5,31.486,44596472,SHLF9961561,10,0.16,6,7,10,12,No-Filter,129753,21,3196,84828,249,1706,66380,-3544,24649,25942,12885,34,1616,135946,42674,XRF2,1,2019-10-09,16:06:34,LEVAY_B,2019-11-05 16:39:02,~1mm accessory; with film; XRF 2
382,U1538,A,4,H,4,A,240.0,31.54,31.526,44596472,SHLF9961561,10,0.16,6,7,10,12,No-Filter,126809,17,2822,75268,148,1652,69256,-3033,24006,24261,12352,-97,1712,129287,42917,XRF2,1,2019-10-09,16:06:51,LEVAY_B,2019-11-05 16:39:02,~1mm accessory; with film; XRF 2
382,U1538,A,4,H,4,A,280.0,31.580000000000002,31.566000000000003,44596472,SHLF9961561,10,0.16,6,7,10,12,No-Filter,132207,14,3874,98462,229,1713,59211,-3481,27795,27981,14218,283,2164,139057,41642,XRF2,1,2019-10-09,16:07:08,LEVAY_B,2019-11-05 16:39:02,~1mm accessory; with film; XRF 2
382,U1538,A,4,H,4,A,320.0,31.62,31.606,44596472,SHLF9961561,10,0.16,6,7,10,12,No-Filter,132473,28,3675,94146,316,1798,60899,-3464,28033,29380,14391,220,2039,141925,41119,XRF2,1,2019-10-09,16:07:25,LEVAY_B,2019-11-05 16:39:02,~1mm accessory; with film; XRF 2
382,U1538,A,4,H,4,A,360.0,31.66,31.646,44596472,SHLF9961561,10,0.16,6,7,10,12,No-Filter,130385,13,3916,94399,190,1422,58629,-2930,27336,28368,14218,334,2003,138535,40381,XRF2,1,2019-10-09,16:07:43,LEVAY_B,2019-11-05 16:39:02,~1mm accessory; with film; XRF 2
382,U1538,A,4,H,4,A,400.0,31.7,31.686,44596472,SHLF9961561,10,0.16,6,7,10,12,No-Filter,130828,19,3393,79328,131,1649,67140,-3322,26284,27934,13988,384,2020,142498,42512,XRF2,1,2019-10-09,16:08:00,LEVAY_B,2019-11-05 16:39:02,~1mm accessory; with film; XRF 2
382,U1538,A,4,H,4,A,440.0,31.740000000000002,31.726000000000003,44596472,SHLF9961561,10,0.16,6,7,10,12,No-Filter,128783,-6,2931,72189,234,1475,70788,-3136,25190,27388,13848,427,1948,137595,42900,XRF2,1,2019-10-09,16:08:17,LEVAY_B,2019-11-05 16:39:02,~1mm accessory; with film; XRF 2
382,U1538,A,4,H,4,A,480.0,31.78,31.766000000000002,44596472,SHLF9961561,10,0.16,6,7,10,12,No-Filter,126565,29,2933,72502,165,1456,68447,-2829,24161,26210,13098,163,1925,133157,43216,XRF2,1,2019-10-09,16:08:34,LEVAY_B,2019-11-05 16:39:02,~1mm accessory; with film; XRF 2
382,U1538,A,4,H,4,A,520.0,31.82,31.806,44596472,SHLF9961561,10,0.16,6,7,10,12,No-Filter,134865,27,3753,82701,305,1509,65908,-3442,28160,30089,15112,199,2019,153909,42491,XRF2,1,2019-10-09,16:08:52,LEVAY_B,2019-11-05 16:39:02,~1mm accessory; with film; XRF 2
382,U1538,A,4,H,4,A,560.0,31.86,31.846,44596472,SHLF9961561,10,0.16,6,7,10,12,No-Filter,136888,44,3946,81111,282,1516,65639,-3560,30657,32907,16359,430,2310,161485,42486,XRF2,1,2019-10-09,16:09:09,LEVAY_B,2019-11-05 16:39:02,~1mm accessory; with film; XRF 2
382,U1538,A,4,H,4,A,600.0,31.900000000000002,31.886000000000003,44596472,SHLF9961561,10,0.16,6,8,10,12,No-Filter,141843,30,4397,91535,321,1397,57247,-3251,33948,36912,17478,308,2450,178900,41382,XRF2,1,2019-10-09,16:09:26,LEVAY_B,2019-11-05 16:39:02,~1mm accessory; with film; XRF 2
382,U1538,A,4,H,4,A,640.0,31.94,31.926000000000002,44596472,SHLF9961561,10,0.16,6,7,10,12,No-Filter,141136,18,4202,84927,222,1135,62704,-3586,32124,36762,17195,585,2833,174704,42386,XRF2,1,2019-10-09,16:09:43,LEVAY_B,2019-11-05 16:39:02,~1mm accessory; with film; XRF 2
382,U1538,A,4,H,4,A,680.0,31.98,31.966,44596472,SHLF9961561,10,0.16,6,8,10,12,No-Filter,144091,36,5258,96671,339,1101,55881,-3169,34874,40633,19067,502,2608,183384,40438,XRF2,1,2019-10-09,16:10:00,LEVAY_B,2019-11-05 16:39:02,~1mm accessory; with film; XRF 2
382,U1538,A,4,H,4,A,720.0,32.02,32.006,44596472,SHLF9961561,10,0.16,6,7,10,12,No-Filter,139393,14,3936,78090,271,1459,63905,-3192,32435,38600,18266,352,2407,173057,42140,XRF2,1,2019-10-09,16:10:18,LEVAY_B,2019-11-05 16:39:02,~1mm accessory; with film; XRF 2
382,U1538,A,4,H,4,A,760.0,32.06,32.046,44596472,SHLF9961561,10,0.16,6,7,10,12,No-Filter,141824,21,4613,89569,244,1583,61200,-3668,32599,39301,17820,388,2959,173663,41919,XRF2,1,2019-10-09,16:10:35,LEVAY_B,2019-11-05 16:39:02,~1mm accessory; with film; XRF 2
382,U1538,A,4,H,4,A,800.0,32.1,32.086,44596472,SHLF9961561,10,0.16,6,7,10,12,No-Filter,139689,25,4191,84160,220,1555,61171,-3498,31707,38531,17662,362,2518,170887,42165,XRF2,1,2019-10-09,16:10:52,LEVAY_B,2019-11-05 16:39:02,~1mm accessory; with film; XRF 2
382,U1538,A,4,H,4,A,840.0,32.14,32.126000000000005,44596472,SHLF9961561,10,0.16,6,7,10,12,No-Filter,137415,-4,4114,85617,250,1262,62400,-3286,29957,37021,17513,183,2341,162720,41842,XRF2,1,2019-10-09,16:11:09,LEVAY_B,2019-11-05 16:39:02,~1mm accessory; with film; XRF 2
382,U1538,A,4,H,4,A,880.0,32.18,32.166000000000004,44596472,SHLF9961561,10,0.16,6,7,10,12,No-Filter,134358,13,3201,74506,186,1576,69544,-3453,25764,34108,15295,65,2495,153816,43085,XRF2,1,2019-10-09,16:11:27,LEVAY_B,2019-11-05 16:39:02,~1mm accessory; with film; XRF 2
382,U1538,A,4,H,4,A,920.0,32.22,32.206,44596472,SHLF9961561,10,0.16,6,7,10,12,No-Filter,133419,54,3391,78849,229,1255,65958,-3590,26070,33192,15231,271,2269,151993,42778,XRF2,1,2019-10-09,16:11:44,LEVAY_B,2019-11-05 16:39:02,~1mm accessory; with film; XRF 2
382,U1538,A,4,H,4,A,960.0,32.26,32.246,44596472,SHLF9961561,10,0.16,6,7,10,12,No-Filter,130207,1,3236,74566,179,1881,67866,-3111,24253,31912,14212,398,2488,143522,42626,XRF2,1,2019-10-09,16:12:01,LEVAY_B,2019-11-05 16:39:02,~1mm accessory; with film; XRF 2
382,U1538,A,4,H,4,A,1000.0,32.3,32.286,44596472,SHLF9961561,10,0.16,6,7,10,12,No-Filter,133117,19,3596,88449,176,1055,62926,-3412,26341,33363,15113,399,2190,145053,41777,XRF2,1,2019-10-09,16:12:18,LEVAY_B,2019-11-05 16:39:02,~1mm accessory; with film; XRF 2
382,U1538,A,4,H,4,A,1040.0,32.34,32.326,44596472,SHLF9961561,10,0.16,6,7,10,12,No-Filter,130678,-20,3364,83190,178,1582,63132,-3221,25260,32242,14597,283,2495,141361,41372,XRF2,1,2019-10-09,16:12:36,LEVAY_B,2019-11-05 16:39:02,~1mm accessory; with film; XRF 2
382,U1538,A,4,H,4,A,1080.0,32.38,32.366,44596472,SHLF9961561,10,0.16,6,7,10,12,No-Filter,131464,-7,3825,91747,148,1511,60713,-3082,26386,32789,14944,499,2281,141145,40516,XRF2,1,2019-10-09,16:12:53,LEVAY_B,2019-11-05 16:39:02,~1mm accessory; with film; XRF 2
382,U1538,A,4,H,4,A,1120.0,32.42,32.406,44596472,SHLF9961561,10,0.16,6,7,10,12,No-Filter,131078,18,3154,78011,165,1923,69753,-3595,24522,30437,13923,85,2114,139947,43081,XRF2,1,2019-10-09,16:13:10,LEVAY_B,2019-11-05 16:39:02,~1mm accessory; with film; XRF 2
382,U1538,A,4,H,4,A,1160.0,32.46,32.446,44596472,SHLF9961561,10,0.16,6,7,10,12,No-Filter,129035,-48,2841,77361,210,1563,69640,-3142,23628,29046,13444,208,2162,133466,43396,XRF2,1,2019-10-09,16:13:27,LEVAY_B,2019-11-05 16:39:02,~1mm accessory; with film; XRF 2
382,U1538,A,4,H,4,A,1200.0,32.5,32.486000000000004,44596472,SHLF9961561,10,0.16,6,7,10,12,No-Filter,125633,3,2846,72776,155,1631,68836,-3552,22029,28051,12876,14,1982,130976,41910,XRF2,1,2019-10-09,16:13:45,LEVAY_B,2019-11-05 16:39:02,~1mm accessory; with film; XRF 2
382,U1538,A,4,H,4,A,1240.0,32.54,32.526,44596472,SHLF9961561,10,0.16,6,7,10,12,No-Filter,124698,-62,2523,68991,195,1755,70847,-3126,21062,26477,12801,117,1948,127645,42962,XRF2,1,2019-10-09,16:14:02,LEVAY_B,2019-11-05 16:39:02,~1mm accessory; with film; XRF 2
382,U1538,A,4,H,4,A,1280.0,32.58,32.566,44596472,SHLF9961561,10,0.16,6,7,10,12,No-Filter,124163,-6,2599,68629,161,2082,70264,-3082,20613,26506,12549,4,1959,129489,41676,XRF2,1,2019-10-09,16:14:19,LEVAY_B,2019-11-05 16:39:02,~1mm accessory; with film; XRF 2
382,U1538,A,4,H,4,A,1320.0,32.62,32.606,44596472,SHLF9961561,10,0.16,6,7,10,12,No-Filter,126292,14,2659,72063,203,2102,71128,-3157,22128,27172,13199,-140,2201,131953,41603,XRF2,1,2019-10-09,16:14:36,LEVAY_B,2019-11-05 16:39:02,~1mm accessory; with film; XRF 2
382,U1538,A,4,H,4,A,1360.0,32.660000000000004,32.646,44596472,SHLF9961561,10,0.16,6,7,10,12,No-Filter,126724,-58,2301,63270,152,2146,77186,-2731,21269,27272,12528,66,1919,130242,43603,XRF2,1,2019-10-09,16:14:54,LEVAY_B,2019-11-05 16:39:02,~1mm accessory; with film; XRF 2
382,U1538,A,4,H,4,A,1400.0,32.7,32.686,44596472,SHLF9961561,10,0.16,6,7,10,12,No-Filter,118279,-44,2234,59501,161,1992,71545,-2622,19812,24672,11458,156,1787,120200,41033,XRF2,1,2019-10-09,16:15:11,LEVAY_B,2019-11-05 16:39:02,~1mm accessory; with film; XRF 2
382,U1538,A,4,H,4,A,1440.0,32.74,32.726,44596472,SHLF9961561,10,0.16,6,7,10,12,No-Filter,140661,12,4506,108357,320,2015,62600,-4230,28182,33007,15600,398,2445,147686,41959,XRF2,1,2019-10-09,16:15:28,LEVAY_B,2019-11-05 16:39:02,~1mm accessory; with film; XRF 2
382,U1538,A,4,H,5,A,40.0,32.839999999999996,32.821,44596482,SHLF9961591,10,0.16,6,7,10,12,No-Filter,117611,-14,2397,69662,121,1880,59738,-2274,21379,24990,12132,146,1653,125684,39101,XRF2,1,2019-10-09,16:32:05,LEVAY_B,2019-11-05 16:39:06,~1mm accessory; with film; XRF 2
382,U1538,A,4,H,5,A,80.0,32.879999999999995,32.861,44596482,SHLF9961591,10,0.16,6,7,10,12,No-Filter,117664,10,2213,68869,135,1680,64022,-2148,19458,23217,10926,251,1699,115417,39206,XRF2,1,2019-10-09,16:32:23,LEVAY_B,2019-11-05 16:39:06,~1mm accessory; with film; XRF 2
382,U1538,A,4,H,5,A,120.0,32.919999999999995,32.900999999999996,44596482,SHLF9961591,10,0.16,6,7,10,12,No-Filter,123050,-14,2109,63041,64,1646,74840,-3104,19855,24119,11937,-78,1871,121672,42517,XRF2,1,2019-10-09,16:32:40,LEVAY_B,2019-11-05 16:39:06,~1mm accessory; with film; XRF 2
382,U1538,A,4,H,5,A,160.0,32.959999999999994,32.940999999999995,44596482,SHLF9961591,10,0.16,6,7,10,12,No-Filter,116574,-35,2568,70848,133,1550,58483,-2929,20461,26198,11906,441,1905,122592,38032,XRF2,1,2019-10-09,16:32:57,LEVAY_B,2019-11-05 16:39:06,~1mm accessory; with film; XRF 2
382,U1538,A,4,H,5,A,200.0,33.0,32.981,44596482,SHLF9961591,10,0.16,6,7,10,12,No-Filter,126176,-26,3118,77499,111,1738,66771,-3224,22773,27710,12982,-39,2135,131817,41632,XRF2,1,2019-10-09,16:33:14,LEVAY_B,2019-11-05 16:39:06,~1mm accessory; with film; XRF 2
382,U1538,A,4,H,5,A,240.0,33.04,33.021,44596482,SHLF9961591,10,0.16,6,7,10,12,No-Filter,129763,17,3065,84855,224,1860,65218,-3217,24227,29596,13923,328,2393,137556,42002,XRF2,1,2019-10-09,16:33:32,LEVAY_B,2019-11-05 16:39:06,~1mm accessory; with film; XRF 2
382,U1538,A,4,H,5,A,280.0,33.08,33.061,44596482,SHLF9961591,10,0.16,6,7,10,12,No-Filter,122196,-7,2831,82138,241,2158,58866,-3091,21873,24539,12263,102,1727,126418,39511,XRF2,1,2019-10-09,16:33:49,LEVAY_B,2019-11-05 16:39:06,~1mm accessory; with film; XRF 2
382,U1538,A,4,H,5,A,320.0,33.12,33.101,44596482,SHLF9961591,10,0.16,6,7,10,12,No-Filter,122230,-9,2708,79305,202,2167,64736,-3210,20666,22573,11088,17,1649,119528,40730,XRF2,1,2019-10-09,16:34:06,LEVAY_B,2019-11-05 16:39:06,~1mm accessory; with film; XRF 2
382,U1538,A,4,H,5,A,360.0,33.16,33.141,44596482,SHLF9961591,10,0.16,6,7,10,12,No-Filter,121795,2,2687,76771,127,1949,64119,-3082,20969,23905,11690,155,2106,122102,40988,XRF2,1,2019-10-09,16:34:24,LEVAY_B,2019-11-05 16:39:06,~1mm accessory; with film; XRF 2
382,U1538,A,4,H,5,A,400.0,33.199999999999996,33.181,44596482,SHLF9961591,10,0.16,6,7,10,12,No-Filter,124220,-21,2913,80016,179,1892,62962,-3272,22991,25596,12411,257,1817,127617,41540,XRF2,1,2019-10-09,16:34:41,LEVAY_B,2019-11-05 16:39:06,~1mm accessory; with film; XRF 2
382,U1538,A,4,H,5,A,440.0,33.239999999999995,33.221,44596482,SHLF9961591,10,0.16,6,7,10,12,No-Filter,117871,-53,2586,70818,96,1778,61056,-2338,21434,23360,11697,119,2102,120675,40123,XRF2,1,2019-10-09,16:34:58,LEVAY_B,2019-11-05 16:39:06,~1mm accessory; with film; XRF 2
382,U1538,A,4,H,5,A,480.0,33.279999999999994,33.260999999999996,44596482,SHLF9961591,10,0.16,6,7,10,12,No-Filter,121470,-2,2881,73639,157,2109,66092,-3015,22936,23527,12149,95,1774,125019,40838,XRF2,1,2019-10-09,16:35:15,LEVAY_B,2019-11-05 16:39:06,~1mm accessory; with film; XRF 2
382,U1538,A,4,H,5,A,520.0,33.32,33.301,44596482,SHLF9961591,10,0.16,6,7,10,12,No-Filter,125207,-34,2903,75889,181,1627,67825,-3333,23954,23523,13111,209,1960,126778,42856,XRF2,1,2019-10-09,16:35:33,LEVAY_B,2019-11-05 16:39:06,~1mm accessory; with film; XRF 2
382,U1538,A,4,H,5,A,560.0,33.36,33.341,44596482,SHLF9961591,10,0.16,6,7,10,12,No-Filter,124726,-5,2913,81493,113,1851,65148,-3263,23903,22666,12448,-11,1755,124672,42030,XRF2,1,2019-10-09,16:35:50,LEVAY_B,2019-11-05 16:39:06,~1mm accessory; with film; XRF 2
382,U1538,A,4,H,5,A,600.0,33.4,33.381,44596482,SHLF9961591,10,0.16,6,7,10,12,No-Filter,127244,-51,3749,93818,244,1634,57482,-2917,26726,25136,13627,249,1608,131400,40624,XRF2,1,2019-10-09,16:36:07,LEVAY_B,2019-11-05 16:39:06,~1mm accessory; with film; XRF 2
382,U1538,A,4,H,5,A,640.0,33.44,33.421,44596482,SHLF9961591,10,0.16,6,7,10,12,No-Filter,126984,-4,3169,84929,244,1723,62928,-3073,24624,24812,13417,-51,1793,134425,41041,XRF2,1,2019-10-09,16:36:25,LEVAY_B,2019-11-05 16:39:06,~1mm accessory; with film; XRF 2
382,U1538,A,4,H,5,A,680.0,33.48,33.461,44596482,SHLF9961591,10,0.16,6,7,10,12,No-Filter,122926,34,3099,82012,329,2396,56729,-3098,24220,24743,13309,170,1928,133715,38819,XRF2,1,2019-10-09,16:36:42,LEVAY_B,2019-11-05 16:39:06,~1mm accessory; with film; XRF 2
382,U1538,A,4,H,5,A,720.0,33.519999999999996,33.501,44596482,SHLF9961591,10,0.16,6,7,10,12,No-Filter,122925,-2,3252,89744,164,1705,54163,-2731,23801,24808,12899,176,1957,129436,38468,XRF2,1,2019-10-09,16:36:59,LEVAY_B,2019-11-05 16:39:06,~1mm accessory; with film; XRF 2
382,U1538,A,4,H,5,A,760.0,33.559999999999995,33.541,44596482,SHLF9961591,10,0.16,6,7,10,12,No-Filter,119795,-29,2944,85508,169,1631,54394,-3164,21588,24221,12233,230,1689,123038,38502,XRF2,1,2019-10-09,16:37:16,LEVAY_B,2019-11-05 16:39:06,~1mm accessory; with film; XRF 2
382,U1538,A,4,H,5,A,800.0,33.599999999999994,33.580999999999996,44596482,SHLF9961591,10,0.16,6,7,10,12,No-Filter,121833,-6,2972,84196,249,2142,57057,-2896,21766,23542,12152,304,1819,126789,38977,XRF2,1,2019-10-09,16:37:34,LEVAY_B,2019-11-05 16:39:06,~1mm accessory; with film; XRF 2
382,U1538,A,4,H,5,A,840.0,33.64,33.621,44596482,SHLF9961591,10,0.16,6,7,10,12,No-Filter,122409,3,3190,86770,249,1863,55523,-2872,21675,26114,13024,447,1935,130323,38359,XRF2,1,2019-10-09,16:37:51,LEVAY_B,2019-11-05 16:39:06,~1mm accessory; with film; XRF 2
382,U1538,A,4,H,5,A,880.0,33.68,33.661,44596482,SHLF9961591,10,0.16,6,7,10,12,No-Filter,122270,8,2943,82967,197,1997,56833,-2780,21543,25545,12992,355,2207,131381,38956,XRF2,1,2019-10-09,16:38:08,LEVAY_B,2019-11-05 16:39:06,~1mm accessory; with film; XRF 2
382,U1538,A,4,H,5,A,920.0,33.72,33.701,44596482,SHLF9961591,10,0.16,6,7,10,12,No-Filter,126197,6,2882,76283,131,1876,68193,-3673,21506,26198,13001,123,1933,131510,42154,XRF2,1,2019-10-09,16:38:26,LEVAY_B,2019-11-05 16:39:06,~1mm accessory; with film; XRF 2
382,U1538,A,4,H,5,A,960.0,33.76,33.741,44596482,SHLF9961591,10,0.16,6,7,10,12,No-Filter,123457,-32,2817,82121,160,1961,62526,-2824,21612,24244,12757,261,1999,126888,40684,XRF2,1,2019-10-09,16:38:43,LEVAY_B,2019-11-05 16:39:06,~1mm accessory; with film; XRF 2
382,U1538,A,4,H,5,A,1000.0,33.8,33.781,44596482,SHLF9961591,10,0.16,6,7,10,12,No-Filter,122105,23,2755,79917,226,1932,61707,-2819,21068,23353,12030,375,1966,125132,39975,XRF2,1,2019-10-09,16:39:01,LEVAY_B,2019-11-05 16:39:06,~1mm accessory; with film; XRF 2
382,U1538,A,4,H,5,A,1040.0,33.839999999999996,33.821,44596482,SHLF9961591,10,0.16,6,7,10,12,No-Filter,123351,-9,2759,78848,181,2141,63762,-3226,21547,22713,12053,-127,1762,125983,41374,XRF2,1,2019-10-09,16:39:18,LEVAY_B,2019-11-05 16:39:06,~1mm accessory; with film; XRF 2
382,U1538,A,4,H,5,A,1080.0,33.879999999999995,33.861,44596482,SHLF9961591,10,0.16,6,7,10,12,No-Filter,121666,-47,2905,84280,211,1943,57928,-2955,21441,22592,12119,217,2002,125731,39823,XRF2,1,2019-10-09,16:39:35,LEVAY_B,2019-11-05 16:39:06,~1mm accessory; with film; XRF 2
382,U1538,A,4,H,5,A,1120.0,33.919999999999995,33.900999999999996,44596482,SHLF9961591,10,0.16,6,7,10,12,No-Filter,124401,-10,3276,92795,221,1885,55447,-2924,23405,23487,12944,119,1764,130579,39037,XRF2,1,2019-10-09,16:39:52,LEVAY_B,2019-11-05 16:39:06,~1mm accessory; with film; XRF 2
382,U1538,A,4,H,5,A,1160.0,33.959999999999994,33.940999999999995,44596482,SHLF9961591,10,0.16,6,7,10,12,No-Filter,124532,46,3540,96147,283,1754,51989,-3148,25422,24356,13741,668,2004,132507,37999,XRF2,1,2019-10-09,16:40:10,LEVAY_B,2019-11-05 16:39:06,~1mm accessory; with film; XRF 2
382,U1538,A,4,H,5,A,1200.0,34.0,33.981,44596482,SHLF9961591,10,0.16,6,7,10,12,No-Filter,120705,64,3053,89568,103,1711,52658,-2784,22419,24713,13024,425,1808,126511,37346,XRF2,1,2019-10-09,16:40:27,LEVAY_B,2019-11-05 16:39:06,~1mm accessory; with film; XRF 2
382,U1538,A,4,H,5,A,1240.0,34.04,34.021,44596482,SHLF9961591,10,0.16,6,7,10,12,No-Filter,121791,-11,2994,91014,308,1892,53991,-3131,22235,23471,12675,327,1859,125506,38773,XRF2,1,2019-10-09,16:40:44,LEVAY_B,2019-11-05 16:39:06,~1mm accessory; with film; XRF 2
382,U1538,A,4,H,5,A,1280.0,34.08,34.061,44596482,SHLF9961591,10,0.16,6,7,10,12,No-Filter,114968,0,2890,83102,211,1576,51539,-2318,20901,21805,11864,247,1727,117728,36821,XRF2,1,2019-10-09,16:41:02,LEVAY_B,2019-11-05 16:39:06,~1mm accessory; with film; XRF 2
382,U1538,A,4,H,5,A,1320.0,34.12,34.101,44596482,SHLF9961591,10,0.16,6,7,10,12,No-Filter,118510,-18,2724,79490,246,1601,59619,-2777,21839,21170,12142,166,1898,119146,39208,XRF2,1,2019-10-09,16:41:19,LEVAY_B,2019-11-05 16:39:06,~1mm accessory; with film; XRF 2
382,U1538,A,4,H,5,A,1360.0,34.16,34.141,44596482,SHLF9961591,10,0.16,6,7,10,12,No-Filter,117875,-1,2613,78078,193,1826,60498,-2725,21955,19945,11603,-132,1457,117262,39408,XRF2,1,2019-10-09,16:41:36,LEVAY_B,2019-11-05 16:39:06,~1mm accessory; with film; XRF 2
382,U1538,A,4,H,5,A,1400.0,34.199999999999996,34.181,44596482,SHLF9961591,10,0.16,6,7,10,12,No-Filter,119857,-33,2748,81540,205,1936,63993,-2768,22386,19923,11624,-152,1462,116666,39818,XRF2,1,2019-10-09,16:41:54,LEVAY_B,2019-11-05 16:39:06,~1mm accessory; with film; XRF 2
382,U1538,A,4,H,5,A,1440.0,34.239999999999995,34.221,44596482,SHLF9961591,10,0.16,6,7,10,12,No-Filter,116940,22,3230,86759,92,1374,54747,-2843,23994,19422,11530,334,1352,115433,38085,XRF2,1,2019-10-09,16:42:11,LEVAY_B,2019-11-05 16:39:06,~1mm accessory; with film; XRF 2
382,U1538,A,4,H,5,A,1480.0,34.279999999999994,34.260999999999996,44596482,SHLF9961591,10,0.16,6,7,10,12,No-Filter,127178,1,4024,105011,318,1623,57326,-3178,26935,20607,12631,80,2032,121639,40608,XRF2,1,2019-10-09,16:42:28,LEVAY_B,2019-11-05 16:39:06,~1mm accessory; with film; XRF 2
382,U1538,A,5,H,5,A,40.0,42.339999999999996,42.339999999999996,44596492,SHLF9962061,10,0.16,6,7,10,12,No-Filter,129852,78,4532,115661,225,2735,46592,-2757,29599,18684,12990,270,1770,143638,37201,XRF2,1,2019-10-09,17:00:16,LEVAY_B,2019-11-05 16:39:09,~1mm accessory; with film; XRF 2
382,U1538,A,5,H,5,A,80.0,42.379999999999995,42.379999999999995,44596492,SHLF9962061,10,0.16,6,7,10,12,No-Filter,128247,50,4283,109823,269,2322,50176,-2969,29159,19227,13427,176,1925,135589,37785,XRF2,1,2019-10-09,17:00:33,LEVAY_B,2019-11-05 16:39:09,~1mm accessory; with film; XRF 2
382,U1538,A,5,H,5,A,120.0,42.419999999999995,42.419999999999995,44596492,SHLF9962061,10,0.16,6,7,10,12,No-Filter,120119,-25,3066,98369,124,2530,58271,-2357,21809,14467,9499,50,1385,105177,38781,XRF2,1,2019-10-09,17:00:50,LEVAY_B,2019-11-05 16:39:09,~1mm accessory; with film; XRF 2
382,U1538,A,5,H,5,A,160.0,42.459999999999994,42.459999999999994,44596492,SHLF9962061,10,0.16,6,7,10,12,No-Filter,118925,-21,3096,101002,128,2125,53485,-2719,22268,14678,9629,113,1613,109896,37160,XRF2,1,2019-10-09,17:01:08,LEVAY_B,2019-11-05 16:39:09,~1mm accessory; with film; XRF 2
382,U1538,A,5,H,5,A,200.0,42.5,42.5,44596492,SHLF9962061,10,0.16,6,7,10,12,No-Filter,115597,-20,2577,97215,234,2211,57173,-3040,18891,11960,8090,67,1384,93123,39028,XRF2,1,2019-10-09,17:01:25,LEVAY_B,2019-11-05 16:39:09,~1mm accessory; with film; XRF 2
382,U1538,A,5,H,5,A,240.0,42.54,42.54,44596492,SHLF9962061,10,0.16,6,7,10,12,No-Filter,123403,-10,3683,108214,224,1643,51097,-2905,26498,14014,10978,211,2460,121191,37907,XRF2,1,2019-10-09,17:01:43,LEVAY_B,2019-11-05 16:39:09,~1mm accessory; with film; XRF 2
382,U1538,A,5,H,5,A,280.0,42.58,42.58,44596492,SHLF9962061,10,0.16,6,7,10,12,No-Filter,98404,-11,2056,81948,99,2057,49351,-1818,13678,9999,5344,-196,1204,69729,34419,XRF2,1,2019-10-09,17:02:00,LEVAY_B,2019-11-05 16:39:09,~1mm accessory; with film; XRF 2
382,U1538,A,5,H,5,A,320.0,42.62,42.62,44596492,SHLF9962061,10,0.16,6,7,10,12,No-Filter,116838,3,2929,102327,121,2222,49825,-2159,20625,12822,8930,365,1795,107887,36515,XRF2,1,2019-10-09,17:02:17,LEVAY_B,2019-11-05 16:39:09,~1mm accessory; with film; XRF 2
382,U1538,A,5,H,5,A,360.0,42.66,42.66,44596492,SHLF9962061,10,0.16,6,7,10,12,No-Filter,117415,-1,2837,101256,153,2674,51687,-2352,20752,12041,8749,133,2279,111027,37395,XRF2,1,2019-10-09,17:02:34,LEVAY_B,2019-11-05 16:39:09,~1mm accessory; with film; XRF 2
382,U1538,A,5,H,5,A,400.0,42.699999999999996,42.699999999999996,44596492,SHLF9962061,10,0.16,6,7,10,12,No-Filter,121674,30,3321,101890,134,1840,51216,-2519,25831,14669,11055,367,2146,122934,38009,XRF2,1,2019-10-09,17:02:51,LEVAY_B,2019-11-05 16:39:09,~1mm accessory; with film; XRF 2
382,U1538,A,5,H,5,A,440.0,42.739999999999995,42.739999999999995,44596492,SHLF9962061,10,0.16,6,7,10,12,No-Filter,110077,-56,2112,86099,146,2917,51050,-1854,17314,13096,7142,-140,1151,97831,36167,XRF2,1,2019-10-09,17:03:09,LEVAY_B,2019-11-05 16:39:09,~1mm accessory; with film; XRF 2
382,U1538,A,5,H,5,A,480.0,42.779999999999994,42.779999999999994,44596492,SHLF9962061,10,0.16,6,7,10,12,No-Filter,127620,-12,3518,102646,181,2652,49829,-2719,28876,16617,12034,338,1953,142454,38686,XRF2,1,2019-10-09,17:03:26,LEVAY_B,2019-11-05 16:39:09,~1mm accessory; with film; XRF 2
382,U1538,A,5,H,5,A,520.0,42.82,42.82,44596492,SHLF9962061,10,0.16,6,7,10,12,No-Filter,126699,27,4080,101933,138,1864,51780,-2478,31237,14740,12904,315,1595,136301,38167,XRF2,1,2019-10-09,17:03:43,LEVAY_B,2019-11-05 16:39:09,~1mm accessory; with film; XRF 2
382,U1538,A,5,H,5,A,560.0,42.86,42.86,44596492,SHLF9962061,10,0.16,6,7,10,12,No-Filter,125087,4,4291,109588,138,1702,46005,-2160,32229,15376,12984,430,1912,130134,37240,XRF2,1,2019-10-09,17:04:01,LEVAY_B,2019-11-05 16:39:09,~1mm accessory; with film; XRF 2
382,U1538,A,5,H,5,A,600.0,42.9,42.9,44596492,SHLF9962061,10,0.16,6,7,10,12,No-Filter,125027,-44,4094,105480,295,1940,49761,-2164,31523,15983,12647,359,1871,127031,37846,XRF2,1,2019-10-09,17:04:18,LEVAY_B,2019-11-05 16:39:09,~1mm accessory; with film; XRF 2
382,U1538,A,5,H,5,A,640.0,42.94,42.94,44596492,SHLF9962061,10,0.16,6,7,10,12,No-Filter,124702,11,4514,108839,225,1295,48200,-2499,34005,15432,13437,75,1456,126339,38080,XRF2,1,2019-10-09,17:04:35,LEVAY_B,2019-11-05 16:39:09,~1mm accessory; with film; XRF 2
382,U1538,A,5,H,5,A,680.0,42.98,42.98,44596492,SHLF9962061,10,0.16,6,7,10,12,No-Filter,126205,-16,4101,107086,224,994,52328,-3057,32429,15379,12880,132,1539,126079,39220,XRF2,1,2019-10-09,17:04:53,LEVAY_B,2019-11-05 16:39:09,~1mm accessory; with film; XRF 2
382,U1538,A,5,H,5,A,720.0,43.019999999999996,43.019999999999996,44596492,SHLF9962061,10,0.16,6,7,10,12,No-Filter,128636,-8,3467,97877,214,1009,56068,-2559,30439,14662,11849,387,1576,145280,39792,XRF2,1,2019-10-09,17:05:10,LEVAY_B,2019-11-05 16:39:09,~1mm accessory; with film; XRF 2
382,U1538,A,5,H,5,A,760.0,43.059999999999995,43.059999999999995,44596492,SHLF9962061,10,0.16,6,7,10,12,No-Filter,122038,-7,3914,104861,84,1173,55083,-2525,31339,13106,12043,325,1305,111269,38464,XRF2,1,2019-10-09,17:05:27,LEVAY_B,2019-11-05 16:39:09,~1mm accessory; with film; XRF 2
382,U1538,A,5,H,5,A,800.0,43.099999999999994,43.099999999999994,44596492,SHLF9962061,10,0.16,6,7,10,12,No-Filter,121876,30,3588,96439,129,1526,56880,-2503,29645,12464,11380,42,1468,115984,38866,XRF2,1,2019-10-09,17:05:45,LEVAY_B,2019-11-05 16:39:09,~1mm accessory; with film; XRF 2
382,U1538,A,5,H,5,A,840.0,43.14,43.14,44596492,SHLF9962061,10,0.16,6,7,10,12,No-Filter,119245,5,3583,99385,169,1641,53455,-2225,29102,11910,10756,219,1841,112077,37409,XRF2,1,2019-10-09,17:06:02,LEVAY_B,2019-11-05 16:39:09,~1mm accessory; with film; XRF 2
382,U1538,A,9,H,5,A,40.0,80.36,79.89800000000001,44596502,SHLF9964051,10,0.16,6,7,10,12,No-Filter,137874,61,5892,119423,341,4075,39260,-3267,38444,27225,16168,763,2029,176730,36503,XRF2,1,2019-10-09,17:17:30,LEVAY_B,2019-11-05 16:39:12,~1mm accessory; with film; XRF 2
382,U1538,A,9,H,5,A,80.0,80.39999999999999,79.938,44596502,SHLF9964051,10,0.16,6,8,10,12,No-Filter,143078,40,6222,123752,424,5011,41446,-2910,40442,27985,16581,461,2115,185374,37986,XRF2,1,2019-10-09,17:17:47,LEVAY_B,2019-11-05 16:39:12,~1mm accessory; with film; XRF 2
382,U1538,A,9,H,5,A,120.0,80.44,79.97800000000001,44596502,SHLF9964051,10,0.16,6,8,10,12,No-Filter,148336,158,7103,130586,348,3578,39889,-3237,44076,32924,18982,628,2668,191846,38604,XRF2,1,2019-10-09,17:18:04,LEVAY_B,2019-11-05 16:39:12,~1mm accessory; with film; XRF 2
382,U1538,A,9,H,5,A,160.0,80.47999999999999,80.018,44596502,SHLF9964051,10,0.16,6,8,10,12,No-Filter,147116,139,6976,127313,388,4165,40448,-3215,44121,32378,18647,762,2383,191566,37526,XRF2,1,2019-10-09,17:18:22,LEVAY_B,2019-11-05 16:39:12,~1mm accessory; with film; XRF 2
382,U1538,A,9,H,5,A,200.0,80.52,80.058,44596502,SHLF9964051,10,0.16,6,8,10,12,No-Filter,149721,104,7887,129620,477,3985,37714,-3354,46226,35626,19917,591,2376,197221,38339,XRF2,1,2019-10-09,17:18:39,LEVAY_B,2019-11-05 16:39:12,~1mm accessory; with film; XRF 2
382,U1538,A,9,H,5,A,240.0,80.55999999999999,80.098,44596502,SHLF9964051,10,0.16,6,8,10,12,No-Filter,149038,128,6766,123841,375,5743,42015,-3448,41672,33539,18494,588,2479,198206,38543,XRF2,1,2019-10-09,17:18:56,LEVAY_B,2019-11-05 16:39:12,~1mm accessory; with film; XRF 2
382,U1538,A,9,H,5,A,280.0,80.6,80.138,44596502,SHLF9964051,10,0.16,6,8,10,12,No-Filter,147460,103,7193,123539,310,5964,39160,-3274,42245,33926,18686,746,2639,198088,37252,XRF2,1,2019-10-09,17:19:14,LEVAY_B,2019-11-05 16:39:12,~1mm accessory; with film; XRF 2
382,U1538,A,9,H,5,A,320.0,80.63999999999999,80.178,44596502,SHLF9964051,10,0.16,6,8,10,12,No-Filter,150761,129,7877,130539,367,3708,37889,-2954,46845,36830,19582,773,2485,199621,37502,XRF2,1,2019-10-09,17:19:31,LEVAY_B,2019-11-05 16:39:12,~1mm accessory; with film; XRF 2
382,U1538,A,9,H,5,A,360.0,80.67999999999999,80.218,44596502,SHLF9964051,10,0.16,6,8,10,12,No-Filter,155158,150,6938,119600,404,4121,42261,-3328,46277,33977,18920,784,2658,227149,38501,XRF2,1,2019-10-09,17:19:48,LEVAY_B,2019-11-05 16:39:12,~1mm accessory; with film; XRF 2
382,U1538,A,9,H,5,A,400.0,80.72,80.25800000000001,44596502,SHLF9964051,10,0.16,6,8,10,12,No-Filter,145637,157,8019,129625,388,2346,33298,-3090,46550,36388,19906,500,2525,189956,36773,XRF2,1,2019-10-09,17:20:06,LEVAY_B,2019-11-05 16:39:12,~1mm accessory; with film; XRF 2
382,U1538,A,9,H,5,A,440.0,80.75999999999999,80.298,44596502,SHLF9964051,10,0.16,6,8,10,12,No-Filter,147701,113,8050,128296,386,2960,34612,-3074,47478,38020,20422,847,2708,196767,36960,XRF2,1,2019-10-09,17:20:24,LEVAY_B,2019-11-05 16:39:12,~1mm accessory; with film; XRF 2
382,U1538,A,9,H,5,A,480.0,80.8,80.33800000000001,44596502,SHLF9964051,10,0.16,6,8,10,12,No-Filter,154164,118,8044,125234,470,2817,38321,-3229,51117,40180,21766,896,2827,213743,38128,XRF2,1,2019-10-09,17:20:41,LEVAY_B,2019-11-05 16:39:12,~1mm accessory; with film; XRF 2
382,U1538,A,9,H,5,A,520.0,80.83999999999999,80.378,44596502,SHLF9964051,10,0.16,6,8,10,12,No-Filter,145557,142,7980,124378,436,2801,33157,-2321,47209,39174,20294,316,2522,196005,35096,XRF2,1,2019-10-09,17:20:59,LEVAY_B,2019-11-05 16:39:12,~1mm accessory; with film; XRF 2
382,U1538,A,9,H,5,A,560.0,80.88,80.418,44596502,SHLF9964051,10,0.16,6,8,10,12,No-Filter,152748,168,8003,128593,432,2216,35242,-3121,49426,38121,20748,619,2702,211420,37041,XRF2,1,2019-10-09,17:21:16,LEVAY_B,2019-11-05 16:39:12,~1mm accessory; with film; XRF 2
382,U1538,A,9,H,5,A,600.0,80.91999999999999,80.458,44596502,SHLF9964051,10,0.16,6,8,10,12,No-Filter,150474,143,8015,128734,379,2494,35043,-2755,49406,38946,20746,608,2859,203176,36148,XRF2,1,2019-10-09,17:21:34,LEVAY_B,2019-11-05 16:39:12,~1mm accessory; with film; XRF 2
382,U1538,A,9,H,5,A,640.0,80.96,80.498,44596502,SHLF9964051,10,0.16,6,8,10,12,No-Filter,150584,123,8326,131829,454,2655,33137,-2491,49768,37190,20645,879,2591,205577,35807,XRF2,1,2019-10-09,17:21:52,LEVAY_B,2019-11-05 16:39:12,~1mm accessory; with film; XRF 2
382,U1538,A,9,H,5,A,680.0,81.0,80.53800000000001,44596502,SHLF9964051,10,0.16,6,7,10,12,No-Filter,124218,16,6556,110040,311,2431,23038,133,39487,30021,16893,917,2222,165732,31051,XRF2,1,2019-10-09,17:22:10,LEVAY_B,2019-11-05 16:39:12,~1mm accessory; with film; XRF 2
382,U1538,A,9,H,5,A,720.0,81.03999999999999,80.578,44596502,SHLF9964051,10,0.16,6,7,10,12,No-Filter,85996,-10,4311,87865,182,1450,11291,4731,24345,12645,11775,308,1017,82215,30748,XRF2,1,2019-10-09,17:22:27,LEVAY_B,2019-11-05 16:39:12,~1mm accessory; with film; XRF 2
382,U1538,A,9,H,5,A,760.0,81.08,80.61800000000001,44596502,SHLF9964051,10,0.16,6,7,10,12,No-Filter,111161,29,4084,80439,264,1690,22506,2358,33328,25875,14557,435,2277,153181,30510,XRF2,1,2019-10-09,17:22:44,LEVAY_B,2019-11-05 16:39:12,~1mm accessory; with film; XRF 2
382,U1538,A,9,H,5,A,800.0,81.11999999999999,80.658,44596502,SHLF9964051,10,0.16,6,8,10,12,No-Filter,149326,66,8539,137599,350,2626,32093,-2899,48772,36947,20035,613,2820,197994,36284,XRF2,1,2019-10-09,17:23:01,LEVAY_B,2019-11-05 16:39:12,~1mm accessory; with film; XRF 2
382,U1538,A,9,H,5,A,840.0,81.16,80.69800000000001,44596502,SHLF9964051,10,0.16,6,8,10,12,No-Filter,147679,97,7628,127988,417,3003,37893,-3259,45018,35737,19140,825,2433,196700,36736,XRF2,1,2019-10-09,17:23:19,LEVAY_B,2019-11-05 16:39:12,~1mm accessory; with film; XRF 2
382,U1538,A,9,H,5,A,880.0,81.19999999999999,80.738,44596502,SHLF9964051,10,0.16,6,8,10,12,No-Filter,143572,46,6601,120982,372,3657,39111,-3109,41627,34214,17737,458,2544,189084,36328,XRF2,1,2019-10-09,17:23:37,LEVAY_B,2019-11-05 16:39:12,~1mm accessory; with film; XRF 2
382,U1538,A,9,H,5,A,920.0,81.24,80.778,44596502,SHLF9964051,10,0.16,6,8,10,12,No-Filter,145894,82,7491,125939,297,3479,34438,-2681,45654,35984,19760,567,2434,194665,35535,XRF2,1,2019-10-09,17:23:54,LEVAY_B,2019-11-05 16:39:12,~1mm accessory; with film; XRF 2
382,U1538,A,9,H,5,A,960.0,81.27999999999999,80.818,44596502,SHLF9964051,10,0.16,6,7,10,12,No-Filter,140386,7,6158,119362,341,4403,39203,-2740,37869,30794,16459,749,2622,183088,36108,XRF2,1,2019-10-09,17:24:12,LEVAY_B,2019-11-05 16:39:12,~1mm accessory; with film; XRF 2
382,U1538,A,9,H,5,A,1000.0,81.32,80.858,44596502,SHLF9964051,10,0.16,6,8,10,12,No-Filter,143588,107,6445,120632,471,5442,39320,-3231,38890,32859,16798,402,2404,191153,36403,XRF2,1,2019-10-09,17:24:29,LEVAY_B,2019-11-05 16:39:12,~1mm accessory; with film; XRF 2
382,U1538,A,9,H,5,A,1040.0,81.36,80.89800000000001,44596502,SHLF9964051,10,0.16,6,8,10,12,No-Filter,143227,119,6520,118904,326,4158,39229,-3017,40517,34504,17521,399,2549,188789,36543,XRF2,1,2019-10-09,17:24:46,LEVAY_B,2019-11-05 16:39:12,~1mm accessory; with film; XRF 2
382,U1538,A,9,H,5,A,1080.0,81.39999999999999,80.938,44596502,SHLF9964051,10,0.16,6,8,10,12,No-Filter,145140,76,7018,118690,323,3725,39337,-2990,42146,36871,18077,347,2694,194434,36331,XRF2,1,2019-10-09,17:25:04,LEVAY_B,2019-11-05 16:39:12,~1mm accessory; with film; XRF 2
382,U1538,A,9,H,5,A,1120.0,81.44,80.97800000000001,44596502,SHLF9964051,10,0.16,6,8,10,12,No-Filter,152708,108,8152,119311,480,3686,38643,-2942,48363,44487,20764,894,3026,214621,36894,XRF2,1,2019-10-09,17:25:21,LEVAY_B,2019-11-05 16:39:12,~1mm accessory; with film; XRF 2
382,U1538,A,9,H,5,A,1160.0,81.47999999999999,81.018,44596502,SHLF9964051,10,0.16,6,8,10,12,No-Filter,147867,69,7860,109461,454,2727,35237,-2507,48756,45892,20897,1080,3140,212311,35274,XRF2,1,2019-10-09,17:25:39,LEVAY_B,2019-11-05 16:39:12,~1mm accessory; with film; XRF 2
382,U1538,A,9,H,5,A,1200.0,81.52,81.058,44596502,SHLF9964051,10,0.16,6,8,10,12,No-Filter,160021,134,9040,120126,392,3664,36537,-3478,53213,51756,23773,799,3233,232775,37697,XRF2,1,2019-10-09,17:25:56,LEVAY_B,2019-11-05 16:39:12,~1mm accessory; with film; XRF 2
382,U1538,A,9,H,5,A,1240.0,81.55999999999999,81.098,44596502,SHLF9964051,10,0.16,6,8,10,12,No-Filter,149980,133,8757,118766,387,2529,27294,-1456,50836,48833,22272,1110,3270,220974,33836,XRF2,1,2019-10-09,17:26:14,LEVAY_B,2019-11-05 16:39:12,~1mm accessory; with film; XRF 2
382,U1538,A,9,H,5,A,1280.0,81.6,81.138,44596502,SHLF9964051,10,0.16,6,8,10,12,No-Filter,158587,90,9634,128702,424,2945,31856,-2830,54138,50474,23413,758,3134,227304,37421,XRF2,1,2019-10-09,17:26:32,LEVAY_B,2019-11-05 16:39:12,~1mm accessory; with film; XRF 2
382,U1538,A,9,H,5,A,1320.0,81.63999999999999,81.178,44596502,SHLF9964051,10,0.16,6,8,10,12,No-Filter,156236,197,9000,122108,464,3116,35609,-3046,51764,50038,22903,567,3221,222334,37012,XRF2,1,2019-10-09,17:26:50,LEVAY_B,2019-11-05 16:39:12,~1mm accessory; with film; XRF 2
382,U1538,A,9,H,5,A,1360.0,81.67999999999999,81.218,44596502,SHLF9964051,10,0.16,6,8,10,12,No-Filter,146632,146,8534,118805,352,2328,29466,-1789,48964,47622,21332,730,2914,207751,34252,XRF2,1,2019-10-09,17:27:07,LEVAY_B,2019-11-05 16:39:12,~1mm accessory; with film; XRF 2
382,U1538,A,9,H,5,A,1400.0,81.72,81.25800000000001,44596502,SHLF9964051,10,0.16,6,8,10,12,No-Filter,152602,119,8607,122308,434,3910,31819,-2152,50029,47869,21820,984,2977,219423,35465,XRF2,1,2019-10-09,17:27:25,LEVAY_B,2019-11-05 16:39:12,~1mm accessory; with film; XRF 2
382,U1538,A,9,H,5,A,1440.0,81.75999999999999,81.298,44596502,SHLF9964051,10,0.16,6,7,10,12,No-Filter,140449,86,7443,114857,374,2395,28056,-1235,44813,43448,19746,576,2523,195493,33265,XRF2,1,2019-10-09,17:27:43,LEVAY_B,2019-11-05 16:39:12,~1mm accessory; with film; XRF 2
382,U1538,A,9,H,5,A,1480.0,81.8,81.33800000000001,44596502,SHLF9964051,10,0.16,6,8,10,12,No-Filter,142905,73,7454,112062,400,2960,29059,-1392,45487,45199,20380,937,3278,204085,34533,XRF2,1,2019-10-09,17:28:00,LEVAY_B,2019-11-05 16:39:12,~1mm accessory; with film; XRF 2
382,U1538,A,12,H,3,A,40.0,105.84,105.64,44596442,SHLF9965771,10,0.16,6,7,10,12,No-Filter,136042,46,5346,107686,335,3869,41735,-2826,36577,29444,16052,430,2263,177382,36711,XRF2,1,2019-10-09,17:47:50,LEVAY_B,2019-11-05 16:38:51,~1mm accessory; with film; XRF 2
382,U1538,A,12,H,3,A,80.0,105.88,105.67999999999999,44596442,SHLF9965771,10,0.16,6,8,10,12,No-Filter,147315,5,6168,115836,345,3626,45733,-3036,42397,35656,18762,774,2216,194600,38553,XRF2,1,2019-10-09,17:48:07,LEVAY_B,2019-11-05 16:38:51,~1mm accessory; with film; XRF 2
382,U1538,A,12,H,3,A,120.0,105.92,105.72,44596442,SHLF9965771,10,0.16,6,7,10,12,No-Filter,138685,106,5430,104898,347,3283,44707,-2867,37928,31889,17082,682,2206,179391,37751,XRF2,1,2019-10-09,17:48:25,LEVAY_B,2019-11-05 16:38:51,~1mm accessory; with film; XRF 2
382,U1538,A,12,H,3,A,160.0,105.96,105.75999999999999,44596442,SHLF9965771,10,0.16,6,8,10,12,No-Filter,144922,64,6373,116638,357,3360,42769,-3438,41433,34207,18158,507,2245,189545,37766,XRF2,1,2019-10-09,17:48:42,LEVAY_B,2019-11-05 16:38:51,~1mm accessory; with film; XRF 2
382,U1538,A,12,H,3,A,200.0,106.0,105.8,44596442,SHLF9965771,10,0.16,6,8,10,12,No-Filter,145646,81,6435,111664,336,4118,39529,-3223,42460,35579,18663,637,2621,200016,37867,XRF2,1,2019-10-09,17:49:00,LEVAY_B,2019-11-05 16:38:51,~1mm accessory; with film; XRF 2
382,U1538,A,12,H,3,A,240.0,106.03999999999999,105.83999999999999,44596442,SHLF9965771,10,0.16,6,8,10,12,No-Filter,143849,31,5967,107718,274,4147,45554,-3139,40486,34656,17775,520,2578,188497,38259,XRF2,1,2019-10-09,17:49:17,LEVAY_B,2019-11-05 16:38:51,~1mm accessory; with film; XRF 2
382,U1538,A,12,H,3,A,280.0,106.08,105.88,44596442,SHLF9965771,10,0.16,6,8,10,12,No-Filter,146374,81,7186,123041,308,3920,36871,-2688,43468,37603,18867,700,2299,196657,36208,XRF2,1,2019-10-09,17:49:34,LEVAY_B,2019-11-05 16:38:51,~1mm accessory; with film; XRF 2
382,U1538,A,12,H,3,A,320.0,106.11999999999999,105.91999999999999,44596442,SHLF9965771,10,0.16,6,7,10,12,No-Filter,141409,66,5749,104418,181,4427,43588,-2751,40638,34909,17696,661,2431,187505,37219,XRF2,1,2019-10-09,17:49:52,LEVAY_B,2019-11-05 16:38:51,~1mm accessory; with film; XRF 2
382,U1538,A,12,H,3,A,360.0,106.16,105.96,44596442,SHLF9965771,10,0.16,6,8,10,12,No-Filter,142626,28,5533,100715,239,4614,46494,-2937,40043,34486,17769,475,2339,192911,37797,XRF2,1,2019-10-09,17:50:09,LEVAY_B,2019-11-05 16:38:51,~1mm accessory; with film; XRF 2
382,U1538,A,12,H,3,A,400.0,106.2,106.0,44596442,SHLF9965771,10,0.16,6,7,10,12,No-Filter,140418,77,5728,103315,217,4383,42344,-2208,38785,33411,17371,657,2377,187602,37247,XRF2,1,2019-10-09,17:50:27,LEVAY_B,2019-11-05 16:38:51,~1mm accessory; with film; XRF 2
382,U1538,A,12,H,3,A,440.0,106.24,106.03999999999999,44596442,SHLF9965771,10,0.16,6,7,10,12,No-Filter,136130,34,5240,94267,300,4202,42944,-2093,38415,34291,17618,871,2650,183181,35970,XRF2,1,2019-10-09,17:50:44,LEVAY_B,2019-11-05 16:38:51,~1mm accessory; with film; XRF 2
382,U1538,A,12,H,3,A,480.0,106.28,106.08,44596442,SHLF9965771,10,0.16,6,7,10,12,No-Filter,140872,0,5810,99754,290,3934,43500,-2188,40921,35606,18606,692,2308,188851,36658,XRF2,1,2019-10-09,17:51:01,LEVAY_B,2019-11-05 16:38:51,~1mm accessory; with film; XRF 2
382,U1538,A,12,H,3,A,520.0,106.32,106.11999999999999,44596442,SHLF9965771,10,0.16,6,7,10,12,No-Filter,136038,55,5694,98963,239,4794,36942,-1765,39738,34533,17658,578,2093,187541,34612,XRF2,1,2019-10-09,17:51:19,LEVAY_B,2019-11-05 16:38:51,~1mm accessory; with film; XRF 2
382,U1538,A,12,H,3,A,560.0,106.36,106.16,44596442,SHLF9965771,10,0.16,6,7,10,12,No-Filter,137891,54,6593,106018,358,3321,36844,-1786,41910,34660,18391,790,2690,185253,34927,XRF2,1,2019-10-09,17:51:36,LEVAY_B,2019-11-05 16:38:51,~1mm accessory; with film; XRF 2
382,U1538,A,12,H,3,A,600.0,106.39999999999999,106.19999999999999,44596442,SHLF9965771,10,0.16,6,8,10,12,No-Filter,146629,43,6033,100466,361,9388,39958,-2591,40232,33599,18004,623,2492,219408,36634,XRF2,1,2019-10-09,17:51:54,LEVAY_B,2019-11-05 16:38:51,~1mm accessory; with film; XRF 2
382,U1538,A,12,H,3,A,640.0,106.44,106.24,44596442,SHLF9965771,10,0.16,6,7,10,12,No-Filter,132766,1,5184,97173,217,7190,35746,-801,35287,29559,15342,664,2232,181927,34066,XRF2,1,2019-10-09,17:52:11,LEVAY_B,2019-11-05 16:38:51,~1mm accessory; with film; XRF 2
382,U1538,A,12,H,3,A,680.0,106.48,106.28,44596442,SHLF9965771,10,0.16,6,8,10,12,No-Filter,142574,71,6516,103181,280,5241,36985,-2002,42671,38032,19147,605,3073,199511,35588,XRF2,1,2019-10-09,17:52:28,LEVAY_B,2019-11-05 16:38:51,~1mm accessory; with film; XRF 2
382,U1538,A,12,H,3,A,720.0,106.52,106.32,44596442,SHLF9965771,10,0.16,6,8,10,12,No-Filter,145922,46,6338,105395,323,8751,38273,-2081,41510,35946,18828,596,2545,212118,35344,XRF2,1,2019-10-09,17:52:46,LEVAY_B,2019-11-05 16:38:51,~1mm accessory; with film; XRF 2
382,U1538,A,12,H,3,A,760.0,106.56,106.36,44596442,SHLF9965771,10,0.16,6,7,10,12,No-Filter,123280,73,5881,91349,148,3055,26386,-89,37271,34628,17135,611,2284,175069,30974,XRF2,1,2019-10-09,17:53:03,LEVAY_B,2019-11-05 16:38:51,~1mm accessory; with film; XRF 2
382,U1538,A,12,H,3,A,800.0,106.6,106.39999999999999,44596442,SHLF9965771,10,0.16,6,7,10,12,No-Filter,139428,84,6154,96287,284,4857,36851,-1226,42093,38040,18963,814,2695,201935,34480,XRF2,1,2019-10-09,17:53:20,LEVAY_B,2019-11-05 16:38:51,~1mm accessory; with film; XRF 2
382,U1538,A,12,H,3,A,840.0,106.64,106.44,44596442,SHLF9965771,10,0.16,6,8,10,12,No-Filter,152479,131,8529,118302,334,3006,35901,-3167,50604,44376,22150,772,2989,217036,35966,XRF2,1,2019-10-09,17:53:38,LEVAY_B,2019-11-05 16:38:51,~1mm accessory; with film; XRF 2
382,U1538,A,12,H,3,A,880.0,106.67999999999999,106.47999999999999,44596442,SHLF9965771,10,0.16,6,8,10,12,No-Filter,144088,138,7912,109070,387,2622,30853,-1744,47010,42121,20699,772,2929,209901,34336,XRF2,1,2019-10-09,17:53:56,LEVAY_B,2019-11-05 16:38:51,~1mm accessory; with film; XRF 2
382,U1538,A,12,H,3,A,920.0,106.72,106.52,44596442,SHLF9965771,10,0.16,6,8,10,12,No-Filter,147817,102,7317,106466,430,3566,38893,-2728,45822,42232,20042,785,2670,212251,36777,XRF2,1,2019-10-09,17:54:13,LEVAY_B,2019-11-05 16:38:51,~1mm accessory; with film; XRF 2
382,U1538,A,12,H,3,A,960.0,106.75999999999999,106.55999999999999,44596442,SHLF9965771,10,0.16,6,8,10,12,No-Filter,151872,76,8005,112614,467,2756,38504,-2890,48071,45414,21983,763,2876,215596,36916,XRF2,1,2019-10-09,17:54:30,LEVAY_B,2019-11-05 16:38:51,~1mm accessory; with film; XRF 2
382,U1538,A,12,H,3,A,1000.0,106.8,106.6,44596442,SHLF9965771,10,0.16,6,8,10,12,No-Filter,145424,151,8413,113765,341,1991,32635,-2242,46968,44347,20888,673,2694,203163,35179,XRF2,1,2019-10-09,17:54:48,LEVAY_B,2019-11-05 16:38:51,~1mm accessory; with film; XRF 2
382,U1538,A,12,H,3,A,1040.0,106.84,106.64,44596442,SHLF9965771,10,0.16,6,8,10,12,No-Filter,152063,116,9064,120117,432,1910,34168,-2690,50619,47217,22259,869,2892,215397,35866,XRF2,1,2019-10-09,17:55:06,LEVAY_B,2019-11-05 16:38:51,~1mm accessory; with film; XRF 2
382,U1538,A,12,H,3,A,1080.0,106.88,106.67999999999999,44596442,SHLF9965771,10,0.16,6,8,10,12,No-Filter,164259,182,10108,120302,451,1114,34663,-3370,54463,62737,24643,739,3755,244294,38335,XRF2,1,2019-10-09,17:55:24,LEVAY_B,2019-11-05 16:38:51,~1mm accessory; with film; XRF 2
382,U1538,A,12,H,3,A,1120.0,106.92,106.72,44596442,SHLF9965771,10,0.16,6,8,10,12,No-Filter,162935,194,10200,120521,596,969,32593,-3386,54053,60987,23942,510,3820,244545,37315,XRF2,1,2019-10-09,17:55:42,LEVAY_B,2019-11-05 16:38:51,~1mm accessory; with film; XRF 2
382,U1538,A,12,H,3,A,1160.0,106.96,106.75999999999999,44596442,SHLF9965771,10,0.16,6,8,10,12,No-Filter,164614,205,10397,123322,467,1269,33847,-3523,55248,62835,24696,564,3746,242647,37469,XRF2,1,2019-10-09,17:55:59,LEVAY_B,2019-11-05 16:38:51,~1mm accessory; with film; XRF 2
382,U1538,A,12,H,3,A,1200.0,107.0,106.8,44596442,SHLF9965771,10,0.16,6,8,10,12,No-Filter,165541,170,9865,118673,594,1026,36629,-3607,55433,62364,25065,873,3723,246641,38615,XRF2,1,2019-10-09,17:56:17,LEVAY_B,2019-11-05 16:38:51,~1mm accessory; with film; XRF 2
382,U1538,A,12,H,3,A,1240.0,107.03999999999999,106.83999999999999,44596442,SHLF9965771,10,0.16,6,8,10,12,No-Filter,165094,205,10698,126646,435,1125,31271,-3143,56378,62128,24697,1108,3488,246572,37543,XRF2,1,2019-10-09,17:56:35,LEVAY_B,2019-11-05 16:38:51,~1mm accessory; with film; XRF 2
382,U1538,A,12,H,3,A,1280.0,107.08,106.88,44596442,SHLF9965771,10,0.16,6,8,10,12,No-Filter,160790,159,9293,113729,458,1112,32033,-2519,54774,58768,23841,942,3641,247056,36691,XRF2,1,2019-10-09,17:56:53,LEVAY_B,2019-11-05 16:38:51,~1mm accessory; with film; XRF 2
382,U1538,A,12,H,3,A,1320.0,107.11999999999999,106.91999999999999,44596442,SHLF9965771,10,0.16,6,8,10,12,No-Filter,164754,138,10055,118971,432,582,35621,-3307,55500,62868,24410,860,3859,244503,38022,XRF2,1,2019-10-09,17:57:11,LEVAY_B,2019-11-05 16:38:51,~1mm accessory; with film; XRF 2
382,U1538,A,12,H,3,A,1360.0,107.16,106.96,44596442,SHLF9965771,10,0.16,6,8,10,12,No-Filter,154925,86,8819,108902,412,574,32103,-2316,52287,56353,22613,956,3712,235901,35255,XRF2,1,2019-10-09,17:57:29,LEVAY_B,2019-11-05 16:38:51,~1mm accessory; with film; XRF 2
382,U1538,A,12,H,3,A,1400.0,107.2,107.0,44596442,SHLF9965771,10,0.16,6,8,10,12,No-Filter,156729,105,8575,107176,529,695,36881,-2625,52308,58248,23446,624,3287,231548,36993,XRF2,1,2019-10-09,17:57:46,LEVAY_B,2019-11-05 16:38:51,~1mm accessory; with film; XRF 2
382,U1538,A,12,H,3,A,1440.0,107.24,107.03999999999999,44596442,SHLF9965771,10,0.16,6,8,10,12,No-Filter,154841,163,9244,115436,485,588,29187,-1709,53508,56288,23156,828,3259,232659,34894,XRF2,1,2019-10-09,17:58:04,LEVAY_B,2019-11-05 16:38:51,~1mm accessory; with film; XRF 2
382,U1538,A,12,H,3,A,1480.0,107.28,107.08,44596442,SHLF9965771,10,0.16,6,8,10,12,No-Filter,156925,143,9074,113375,487,775,32081,-2544,54206,56588,23267,1174,3760,232259,36345,XRF2,1,2019-10-09,17:58:22,LEVAY_B,2019-11-05 16:38:51,~1mm accessory; with film; XRF 2
382,U1538,A,12,H,3,A,1520.0,107.32,107.11999999999999,44596442,SHLF9965771,10,0.16,6,7,10,12,No-Filter,99375,27,4589,64341,157,866,14419,2809,30244,32756,13850,626,2216,140039,28478,XRF2,1,2019-10-09,17:58:39,LEVAY_B,2019-11-05 16:38:51,~1mm accessory; with film; XRF 2
382,U1538,A,13,H,7,A,40.0,118.87,118.80900000000001,44596452,SHLF9966501,10,0.16,6,7,10,12,No-Filter,120622,43,2581,118646,244,3305,40221,-1678,13962,71797,9730,313,1886,84485,34811,XRF2,1,2019-10-09,18:18:19,LEVAY_B,2019-11-05 16:38:55,~1mm accessory; with film; XRF 2
382,U1538,A,13,H,7,A,80.0,118.91,118.849,44596452,SHLF9966501,10,0.16,6,7,10,12,No-Filter,123727,-16,2926,126937,232,2132,40824,-2027,14667,75797,8571,585,2053,86614,35533,XRF2,1,2019-10-09,18:18:36,LEVAY_B,2019-11-05 16:38:55,~1mm accessory; with film; XRF 2
382,U1538,A,13,H,7,A,120.0,118.95,118.88900000000001,44596452,SHLF9966501,10,0.16,6,7,10,12,No-Filter,119266,-2,2693,124516,262,1499,40594,-2224,14005,65315,7440,565,1889,79645,35529,XRF2,1,2019-10-09,18:18:54,LEVAY_B,2019-11-05 16:38:55,~1mm accessory; with film; XRF 2
382,U1538,A,13,H,7,A,160.0,118.99,118.929,44596452,SHLF9966501,10,0.16,6,7,10,12,No-Filter,122987,-3,2770,126511,300,1621,41372,-2133,13718,76254,7307,684,2003,81986,36371,XRF2,1,2019-10-09,18:19:11,LEVAY_B,2019-11-05 16:38:55,~1mm accessory; with film; XRF 2
382,U1538,A,13,H,7,A,200.0,119.03,118.96900000000001,44596452,SHLF9966501,10,0.16,6,7,10,12,No-Filter,119320,-36,2913,129057,249,1743,41514,-2062,15890,41303,8555,381,1681,94135,35367,XRF2,1,2019-10-09,18:19:29,LEVAY_B,2019-11-05 16:38:55,~1mm accessory; with film; XRF 2
382,U1538,A,13,H,7,A,240.0,119.07,119.009,44596452,SHLF9966501,10,0.16,6,7,10,12,No-Filter,127877,5,2749,124592,253,1456,39766,-1668,14754,105856,7815,655,2538,83521,35357,XRF2,1,2019-10-09,18:19:46,LEVAY_B,2019-11-05 16:38:55,~1mm accessory; with film; XRF 2
382,U1538,A,13,H,7,A,280.0,119.11,119.049,44596452,SHLF9966501,10,0.16,6,7,10,12,No-Filter,116741,31,2711,127723,280,1732,42871,-2089,14542,33058,8148,333,1598,88710,36341,XRF2,1,2019-10-09,18:20:03,LEVAY_B,2019-11-05 16:38:55,~1mm accessory; with film; XRF 2
382,U1538,A,13,H,7,A,320.0,119.14999999999999,119.089,44596452,SHLF9966501,10,0.16,6,7,10,12,No-Filter,123047,53,2932,129843,370,1808,40771,-2098,14959,70547,7911,476,2058,84515,36250,XRF2,1,2019-10-09,18:20:21,LEVAY_B,2019-11-05 16:38:55,~1mm accessory; with film; XRF 2
382,U1538,A,13,H,7,A,360.0,119.19,119.129,44596452,SHLF9966501,10,0.16,6,7,10,12,No-Filter,117162,-13,2496,124848,194,1705,44454,-2037,13051,46162,7258,444,1373,79367,36429,XRF2,1,2019-10-09,18:20:38,LEVAY_B,2019-11-05 16:38:55,~1mm accessory; with film; XRF 2
382,U1538,A,13,H,7,A,400.0,119.23,119.16900000000001,44596452,SHLF9966501,10,0.16,6,7,10,12,No-Filter,106970,-2,2043,112372,129,1462,40968,-1318,11628,30057,6512,743,1677,71711,33920,XRF2,1,2019-10-09,18:20:56,LEVAY_B,2019-11-05 16:38:55,~1mm accessory; with film; XRF 2
382,U1538,A,13,H,7,A,440.0,119.27,119.209,44596452,SHLF9966501,10,0.16,6,7,10,12,No-Filter,110838,-15,1972,114830,205,1511,43081,-1992,11046,45795,5789,296,2078,66999,35597,XRF2,1,2019-10-09,18:21:13,LEVAY_B,2019-11-05 16:38:55,~1mm accessory; with film; XRF 2
382,U1538,A,13,H,7,A,480.0,119.31,119.24900000000001,44596452,SHLF9966501,10,0.16,6,7,10,12,No-Filter,112508,42,2415,114656,164,1684,42222,-1680,12950,42482,6962,347,1495,80124,34628,XRF2,1,2019-10-09,18:21:30,LEVAY_B,2019-11-05 16:38:55,~1mm accessory; with film; XRF 2
382,U1538,A,13,H,7,A,520.0,119.35,119.289,44596452,SHLF9966501,10,0.16,6,7,10,12,No-Filter,110720,17,2240,114402,246,1707,41375,-1584,12672,34018,6556,343,1718,80032,34279,XRF2,1,2019-10-09,18:21:47,LEVAY_B,2019-11-05 16:38:55,~1mm accessory; with film; XRF 2
382,U1538,A,13,H,7,A,560.0,119.39,119.32900000000001,44596452,SHLF9966501,10,0.16,6,7,10,12,No-Filter,112429,16,2564,117243,182,1530,41193,-2389,13260,30298,7312,351,1715,81435,34554,XRF2,1,2019-10-09,18:22:04,LEVAY_B,2019-11-05 16:38:55,~1mm accessory; with film; XRF 2
382,U1538,A,13,H,7,A,600.0,119.42999999999999,119.369,44596452,SHLF9966501,10,0.16,6,7,10,12,No-Filter,118878,13,2474,126559,309,1736,43865,-2446,14154,46751,7462,278,1829,85219,35746,XRF2,1,2019-10-09,18:22:21,LEVAY_B,2019-11-05 16:38:55,~1mm accessory; with film; XRF 2
382,U1538,A,13,H,7,A,640.0,119.47,119.409,44596452,SHLF9966501,10,0.16,6,7,10,12,No-Filter,112649,-50,2229,116775,244,1714,43500,-1856,11616,36913,6125,307,1458,74251,34930,XRF2,1,2019-10-09,18:22:38,LEVAY_B,2019-11-05 16:38:55,~1mm accessory; with film; XRF 2
382,U1538,A,13,H,7,A,680.0,119.51,119.44900000000001,44596452,SHLF9966501,10,0.16,6,7,10,12,No-Filter,115489,33,2673,130832,177,1710,47022,-2484,13069,23465,6992,352,1283,80783,37014,XRF2,1,2019-10-09,18:22:55,LEVAY_B,2019-11-05 16:38:55,~1mm accessory; with film; XRF 2
382,U1538,A,13,H,7,A,720.0,119.55,119.489,44596452,SHLF9966501,10,0.16,6,7,10,12,No-Filter,117175,-17,2485,127220,122,1631,47488,-2717,12666,39607,6260,471,1633,76370,36955,XRF2,1,2019-10-09,18:23:13,LEVAY_B,2019-11-05 16:38:55,~1mm accessory; with film; XRF 2
382,U1538,A,13,H,7,A,760.0,119.59,119.52900000000001,44596452,SHLF9966501,10,0.16,6,7,10,12,No-Filter,107789,-7,2136,115893,238,1725,43551,-2290,11277,24244,5626,168,1273,72099,34667,XRF2,1,2019-10-09,18:23:30,LEVAY_B,2019-11-05 16:38:55,~1mm accessory; with film; XRF 2
382,U1538,A,13,H,7,A,800.0,119.63,119.569,44596452,SHLF9966501,10,0.16,6,7,10,12,No-Filter,112777,-2,2108,119754,180,1536,46954,-2377,12218,34433,6479,196,1390,72865,36175,XRF2,1,2019-10-09,18:23:47,LEVAY_B,2019-11-05 16:38:55,~1mm accessory; with film; XRF 2
382,U1538,A,13,H,7,A,840.0,119.67,119.60900000000001,44596452,SHLF9966501,10,0.16,6,7,10,12,No-Filter,111363,4,2406,118261,111,1833,45561,-2042,12301,22081,6413,422,1397,76525,35372,XRF2,1,2019-10-09,18:24:05,LEVAY_B,2019-11-05 16:38:55,~1mm accessory; with film; XRF 2
382,U1538,A,13,H,7,A,880.0,119.71,119.649,44596452,SHLF9966501,10,0.16,6,7,10,12,No-Filter,117422,-21,2483,122340,345,3713,44562,-2212,13591,30944,6625,451,1689,96104,35858,XRF2,1,2019-10-09,18:24:22,LEVAY_B,2019-11-05 16:38:55,~1mm accessory; with film; XRF 2
382,U1538,A,13,H,7,A,920.0,119.75,119.68900000000001,44596452,SHLF9966501,10,0.16,6,7,10,12,No-Filter,111058,-31,2178,116773,221,1632,47102,-2158,11951,18299,6029,389,1214,72504,36835,XRF2,1,2019-10-09,18:24:39,LEVAY_B,2019-11-05 16:38:55,~1mm accessory; with film; XRF 2
382,U1538,A,13,H,7,A,960.0,119.78999999999999,119.729,44596452,SHLF9966501,10,0.16,6,7,10,12,No-Filter,105575,-24,2056,108712,117,1781,42788,-1633,11079,24122,5465,396,1093,70661,34264,XRF2,1,2019-10-09,18:24:56,LEVAY_B,2019-11-05 16:38:55,~1mm accessory; with film; XRF 2
382,U1538,A,13,H,7,A,1000.0,119.83,119.769,44596452,SHLF9966501,10,0.16,6,7,10,12,No-Filter,113621,-17,2401,123199,169,1820,46517,-2611,12588,22313,6562,271,1295,76796,36215,XRF2,1,2019-10-09,18:25:13,LEVAY_B,2019-11-05 16:38:55,~1mm accessory; with film; XRF 2
382,U1538,A,13,H,7,A,1040.0,119.87,119.80900000000001,44596452,SHLF9966501,10,0.16,6,7,10,12,No-Filter,111377,-65,2359,123665,217,1671,45636,-2212,12213,20754,5883,165,1633,71696,36354,XRF2,1,2019-10-09,18:25:30,LEVAY_B,2019-11-05 16:38:55,~1mm accessory; with film; XRF 2
382,U1538,A,13,H,7,A,1080.0,119.91,119.849,44596452,SHLF9966501,10,0.16,6,7,10,12,No-Filter,110082,-11,2111,117532,165,1549,44369,-2132,11942,21996,6186,376,1479,73956,36018,XRF2,1,2019-10-09,18:25:47,LEVAY_B,2019-11-05 16:38:55,~1mm accessory; with film; XRF 2
382,U1538,A,13,H,7,A,1120.0,119.95,119.88900000000001,44596452,SHLF9966501,10,0.16,6,7,10,12,No-Filter,116565,12,2459,124763,287,2792,49599,-2747,13397,22785,6872,144,1122,85418,37562,XRF2,1,2019-10-09,18:26:04,LEVAY_B,2019-11-05 16:38:55,~1mm accessory; with film; XRF 2
382,U1538,A,13,H,7,A,1160.0,119.99,119.929,44596452,SHLF9966501,10,0.16,6,7,10,12,No-Filter,114935,5,2659,130097,136,1716,47112,-2525,13946,21684,6787,625,1484,79318,37336,XRF2,1,2019-10-09,18:26:21,LEVAY_B,2019-11-05 16:38:55,~1mm accessory; with film; XRF 2
382,U1538,A,13,H,7,A,1200.0,120.03,119.96900000000001,44596452,SHLF9966501,10,0.16,6,7,10,12,No-Filter,109513,-20,2446,121047,217,1879,45527,-2188,13240,14180,6310,298,1442,79320,35432,XRF2,1,2019-10-09,18:26:39,LEVAY_B,2019-11-05 16:38:55,~1mm accessory; with film; XRF 2
382,U1538,A,13,H,7,A,1240.0,120.07,120.009,44596452,SHLF9966501,10,0.16,6,7,10,12,No-Filter,113131,-2,2440,122159,227,1908,45706,-2160,13345,22273,6713,229,1514,78709,35636,XRF2,1,2019-10-09,18:26:56,LEVAY_B,2019-11-05 16:38:55,~1mm accessory; with film; XRF 2
382,U1538,A,13,H,7,A,1280.0,120.11,120.049,44596452,SHLF9966501,10,0.16,6,7,10,12,No-Filter,112440,21,2540,123098,132,1726,41417,-2019,13928,24255,6663,419,1609,80895,35608,XRF2,1,2019-10-09,18:27:13,LEVAY_B,2019-11-05 16:38:55,~1mm accessory; with film; XRF 2
382,U1538,A,13,H,7,A,1320.0,120.14999999999999,120.089,44596452,SHLF9966501,10,0.16,6,7,10,12,No-Filter,109681,-30,2352,122296,135,1779,42053,-2063,12996,21915,6575,357,1332,77013,34760,XRF2,1,2019-10-09,18:27:30,LEVAY_B,2019-11-05 16:38:55,~1mm accessory; with film; XRF 2
382,U1538,A,13,H,7,A,1360.0,120.19,120.129,44596452,SHLF9966501,10,0.16,6,7,10,12,No-Filter,102692,-1,2073,109727,146,1733,40902,-579,11684,19816,5869,413,1403,70833,33165,XRF2,1,2019-10-09,18:27:47,LEVAY_B,2019-11-05 16:38:55,~1mm accessory; with film; XRF 2
382,U1538,A,13,H,7,A,1400.0,120.23,120.16900000000001,44596452,SHLF9966501,10,0.16,6,7,10,12,No-Filter,94683,46,2076,97517,156,1342,34804,101,11507,13979,6159,239,1262,71507,31095,XRF2,1,2019-10-09,18:28:04,LEVAY_B,2019-11-05 16:38:55,~1mm accessory; with film; XRF 2
382,U1538,A,14,H,2,A,40.0,123.30000000000001,123.30000000000001,44596462,SHLF9967011,10,0.16,6,7,10,12,No-Filter,114102,-14,2807,110151,198,2427,48431,-1818,18541,16958,8552,392,1663,93868,37204,XRF2,1,2019-10-10,09:17:15,LEVAY_B,2019-11-05 16:38:58,~1mm accessory; with film; XRF 2
382,U1538,A,14,H,2,A,80.0,123.34,123.34,44596462,SHLF9967011,10,0.16,6,7,10,12,No-Filter,115028,-11,2722,100051,144,2261,53863,-2168,17861,17640,8024,328,1879,96901,37532,XRF2,1,2019-10-10,09:17:33,LEVAY_B,2019-11-05 16:38:58,~1mm accessory; with film; XRF 2
382,U1538,A,14,H,2,A,120.0,123.38000000000001,123.38000000000001,44596462,SHLF9967011,10,0.16,6,7,10,12,No-Filter,117023,-28,2797,111506,134,2296,51586,-2459,17700,15569,8569,177,1675,96171,37783,XRF2,1,2019-10-10,09:17:50,LEVAY_B,2019-11-05 16:38:58,~1mm accessory; with film; XRF 2
382,U1538,A,14,H,2,A,160.0,123.42,123.42,44596462,SHLF9967011,10,0.16,6,7,10,12,No-Filter,112661,-15,2474,99064,134,2276,51101,-2148,16610,15053,7951,-53,1395,93488,37317,XRF2,1,2019-10-10,09:18:07,LEVAY_B,2019-11-05 16:38:58,~1mm accessory; with film; XRF 2
382,U1538,A,14,H,2,A,200.0,123.46000000000001,123.46000000000001,44596462,SHLF9967011,10,0.16,6,7,10,12,No-Filter,118476,-4,3062,110473,222,2672,52988,-2513,18621,14463,8888,251,1583,101196,37831,XRF2,1,2019-10-10,09:18:25,LEVAY_B,2019-11-05 16:38:58,~1mm accessory; with film; XRF 2
382,U1538,A,14,H,2,A,240.0,123.5,123.5,44596462,SHLF9967011,10,0.16,6,7,10,12,No-Filter,117892,4,2851,105867,178,2518,50142,-2580,19374,17546,9465,-6,1469,106340,37406,XRF2,1,2019-10-10,09:18:42,LEVAY_B,2019-11-05 16:38:58,~1mm accessory; with film; XRF 2
382,U1538,A,14,H,2,A,280.0,123.54,123.54,44596462,SHLF9967011,10,0.16,6,7,10,12,No-Filter,118537,-13,3157,111649,273,2558,49683,-2461,20094,15887,9367,355,1730,106153,37284,XRF2,1,2019-10-10,09:19:00,LEVAY_B,2019-11-05 16:38:58,~1mm accessory; with film; XRF 2
382,U1538,A,14,H,2,A,320.0,123.58,123.58,44596462,SHLF9967011,10,0.16,6,7,10,12,No-Filter,124199,48,3540,121601,204,3459,50024,-2674,22006,18348,10339,281,1725,113876,37988,XRF2,1,2019-10-10,09:19:17,LEVAY_B,2019-11-05 16:38:58,~1mm accessory; with film; XRF 2
382,U1538,A,14,H,2,A,360.0,123.62,123.62,44596462,SHLF9967011,10,0.16,6,7,10,12,No-Filter,120416,-2,3292,122059,241,2818,51302,-2501,19915,15062,9015,380,1395,98985,38032,XRF2,1,2019-10-10,09:19:35,LEVAY_B,2019-11-05 16:38:58,~1mm accessory; with film; XRF 2
382,U1538,A,14,H,2,A,400.0,123.66000000000001,123.66000000000001,44596462,SHLF9967011,10,0.16,6,7,10,12,No-Filter,123440,-12,3649,120340,206,2602,49100,-2690,23135,16930,10431,228,1462,113332,38466,XRF2,1,2019-10-10,09:19:52,LEVAY_B,2019-11-05 16:38:58,~1mm accessory; with film; XRF 2
382,U1538,A,14,H,2,A,440.0,123.7,123.7,44596462,SHLF9967011,10,0.16,6,7,10,12,No-Filter,125763,77,3719,115686,232,2902,48916,-2978,24182,17068,11094,411,1809,127089,38126,XRF2,1,2019-10-10,09:20:09,LEVAY_B,2019-11-05 16:38:58,~1mm accessory; with film; XRF 2
382,U1538,A,14,H,2,A,480.0,123.74000000000001,123.74000000000001,44596462,SHLF9967011,10,0.16,6,7,10,12,No-Filter,121685,2,3486,107085,164,2591,49200,-2781,23317,15833,10788,157,1562,120061,37672,XRF2,1,2019-10-10,09:20:27,LEVAY_B,2019-11-05 16:38:58,~1mm accessory; with film; XRF 2
382,U1538,A,14,H,2,A,520.0,123.78,123.78,44596462,SHLF9967011,10,0.16,6,7,10,12,No-Filter,123537,55,3716,108098,154,2573,49606,-2675,25137,15373,11167,246,1931,126528,37631,XRF2,1,2019-10-10,09:20:44,LEVAY_B,2019-11-05 16:38:58,~1mm accessory; with film; XRF 2
382,U1538,A,14,H,2,A,560.0,123.82000000000001,123.82000000000001,44596462,SHLF9967011,10,0.16,6,7,10,12,No-Filter,119370,44,3826,121457,230,2461,44876,-2507,23392,14512,10201,207,1367,109328,36038,XRF2,1,2019-10-10,09:21:02,LEVAY_B,2019-11-05 16:38:58,~1mm accessory; with film; XRF 2
382,U1538,A,14,H,2,A,600.0,123.86,123.86,44596462,SHLF9967011,10,0.16,6,7,10,12,No-Filter,125537,41,4741,132090,244,2617,43591,-2609,28270,16536,12161,353,1378,118238,36646,XRF2,1,2019-10-10,09:21:19,LEVAY_B,2019-11-05 16:38:58,~1mm accessory; with film; XRF 2
382,U1538,A,14,H,2,A,640.0,123.9,123.9,44596462,SHLF9967011,10,0.16,6,7,10,12,No-Filter,126964,45,3709,130768,207,3569,46071,-3068,23174,16109,11318,204,1728,124824,37474,XRF2,1,2019-10-10,09:21:37,LEVAY_B,2019-11-05 16:38:58,~1mm accessory; with film; XRF 2
382,U1538,A,14,H,2,A,680.0,123.94000000000001,123.94000000000001,44596462,SHLF9967011,10,0.16,6,7,10,12,No-Filter,127675,36,4026,128425,227,3012,43108,-2649,24905,17264,12069,345,1730,132443,37828,XRF2,1,2019-10-10,09:21:54,LEVAY_B,2019-11-05 16:38:58,~1mm accessory; with film; XRF 2
382,U1538,A,14,H,2,A,720.0,123.98,123.98,44596462,SHLF9967011,10,0.16,6,7,10,12,No-Filter,125044,17,3953,124855,174,3060,46377,-2758,23658,15281,11094,526,1922,122505,37143,XRF2,1,2019-10-10,09:22:12,LEVAY_B,2019-11-05 16:38:58,~1mm accessory; with film; XRF 2
382,U1538,A,14,H,2,A,760.0,124.02000000000001,124.02000000000001,44596462,SHLF9967011,10,0.16,6,7,10,12,No-Filter,121206,-18,2872,106369,209,3352,52827,-2794,20742,14927,9832,-98,1498,113543,38537,XRF2,1,2019-10-10,09:22:29,LEVAY_B,2019-11-05 16:38:58,~1mm accessory; with film; XRF 2
382,U1538,A,14,H,2,A,800.0,124.06,124.06,44596462,SHLF9967011,10,0.16,6,7,10,12,No-Filter,125444,39,3696,120516,254,2962,47479,-2895,23823,15783,11225,343,1759,127124,37424,XRF2,1,2019-10-10,09:22:46,LEVAY_B,2019-11-05 16:38:58,~1mm accessory; with film; XRF 2
382,U1538,A,14,H,2,A,840.0,124.10000000000001,124.10000000000001,44596462,SHLF9967011,10,0.16,6,7,10,12,No-Filter,123834,-41,3796,122976,182,3015,47146,-2924,23227,15635,10711,262,1717,115853,38038,XRF2,1,2019-10-10,09:23:04,LEVAY_B,2019-11-05 16:38:58,~1mm accessory; with film; XRF 2
382,U1538,A,14,H,2,A,880.0,124.14,124.14,44596462,SHLF9967011,10,0.16,6,7,10,12,No-Filter,122231,34,3568,132753,213,3125,45758,-2627,21070,14083,10005,310,1340,108080,37251,XRF2,1,2019-10-10,09:23:21,LEVAY_B,2019-11-05 16:38:58,~1mm accessory; with film; XRF 2
382,U1538,A,14,H,2,A,920.0,124.18,124.18,44596462,SHLF9967011,10,0.16,6,7,10,12,No-Filter,121283,-18,3329,112902,223,3648,50927,-2689,20880,13808,9971,382,1828,114779,37499,XRF2,1,2019-10-10,09:23:39,LEVAY_B,2019-11-05 16:38:58,~1mm accessory; with film; XRF 2
382,U1538,A,14,H,2,A,960.0,124.22,124.22,44596462,SHLF9967011,10,0.16,6,7,10,12,No-Filter,119131,1,3240,119794,289,3130,48353,-2825,20761,13178,9066,474,1359,105552,37443,XRF2,1,2019-10-10,09:23:56,LEVAY_B,2019-11-05 16:38:58,~1mm accessory; with film; XRF 2
382,U1538,A,14,H,2,A,1000.0,124.26,124.26,44596462,SHLF9967011,10,0.16,6,7,10,12,No-Filter,122944,6,3208,122952,200,3625,50820,-2857,20659,14195,9382,129,1211,109261,38022,XRF2,1,2019-10-10,09:24:14,LEVAY_B,2019-11-05 16:38:58,~1mm accessory; with film; XRF 2
382,U1538,A,14,H,2,A,1040.0,124.30000000000001,124.30000000000001,44596462,SHLF9967011,10,0.16,6,7,10,12,No-Filter,122672,10,3518,126772,192,3274,48678,-3242,21859,14072,9475,477,1637,108857,38322,XRF2,1,2019-10-10,09:24:31,LEVAY_B,2019-11-05 16:38:58,~1mm accessory; with film; XRF 2
382,U1538,A,14,H,2,A,1080.0,124.34,124.34,44596462,SHLF9967011,10,0.16,6,7,10,12,No-Filter,124626,28,3769,127538,272,3059,48241,-2927,23038,15959,10121,281,1490,114538,38120,XRF2,1,2019-10-10,09:24:49,LEVAY_B,2019-11-05 16:38:58,~1mm accessory; with film; XRF 2
382,U1538,A,14,H,2,A,1120.0,124.38000000000001,124.38000000000001,44596462,SHLF9967011,10,0.16,6,7,10,12,No-Filter,121414,-44,3476,117191,227,3177,47746,-2782,23987,14603,10330,248,1487,114350,37090,XRF2,1,2019-10-10,09:25:06,LEVAY_B,2019-11-05 16:38:58,~1mm accessory; with film; XRF 2
382,U1538,A,14,H,2,A,1160.0,124.42,124.42,44596462,SHLF9967011,10,0.16,6,7,10,12,No-Filter,125257,-43,3844,123424,244,3027,49475,-2943,25139,15773,10123,371,1488,116819,38288,XRF2,1,2019-10-10,09:25:24,LEVAY_B,2019-11-05 16:38:58,~1mm accessory; with film; XRF 2
382,U1538,A,14,H,2,A,1200.0,124.46000000000001,124.46000000000001,44596462,SHLF9967011,10,0.16,6,7,10,12,No-Filter,123303,-24,3515,115518,217,2632,46963,-2436,23413,37063,9540,467,3140,106967,36483,XRF2,1,2019-10-10,09:25:41,LEVAY_B,2019-11-05 16:38:58,~1mm accessory; with film; XRF 2
382,U1538,A,14,H,2,A,1240.0,124.5,124.5,44596462,SHLF9967011,10,0.16,6,7,10,12,No-Filter,143076,30,3224,106013,433,2802,48993,-2888,22042,138657,9009,350,9664,101867,37465,XRF2,1,2019-10-10,09:25:58,LEVAY_B,2019-11-05 16:38:58,~1mm accessory; with film; XRF 2
382,U1538,A,14,H,2,A,1280.0,124.54,124.54,44596462,SHLF9967011,10,0.16,6,7,10,12,No-Filter,140214,30,2578,86569,521,2408,43786,-2325,19141,188937,7956,578,12429,86682,35074,XRF2,1,2019-10-10,09:26:16,LEVAY_B,2019-11-05 16:38:58,~1mm accessory; with film; XRF 2
382,U1538,A,14,H,2,A,1320.0,124.58,124.58,44596462,SHLF9967011,10,0.16,6,7,10,12,No-Filter,138030,8,2598,82732,424,2024,42011,-2079,19082,193343,7891,674,13382,80214,34667,XRF2,1,2019-10-10,09:26:33,LEVAY_B,2019-11-05 16:38:58,~1mm accessory; with film; XRF 2
382,U1538,A,14,H,2,A,1360.0,124.62,124.62,44596462,SHLF9967011,10,0.16,6,7,10,12,No-Filter,121469,21,4342,109662,251,2725,45917,-2300,30066,18110,11338,306,1793,120196,36030,XRF2,1,2019-10-10,09:26:51,LEVAY_B,2019-11-05 16:38:58,~1mm accessory; with film; XRF 2
382,U1538,A,14,H,2,A,1400.0,124.66000000000001,124.66000000000001,44596462,SHLF9967011,10,0.16,6,7,10,12,No-Filter,120021,-16,3157,112448,184,3225,47449,-2230,20476,15506,9616,292,1898,119418,36665,XRF2,1,2019-10-10,09:27:08,LEVAY_B,2019-11-05 16:38:58,~1mm accessory; with film; XRF 2
382,U1538,A,14,H,2,A,1440.0,124.7,124.7,44596462,SHLF9967011,10,0.16,6,7,10,12,No-Filter,119351,-15,3215,114482,188,3240,47080,-2095,20286,14884,9188,272,1693,116317,36313,XRF2,1,2019-10-10,09:27:26,LEVAY_B,2019-11-05 16:38:58,~1mm accessory; with film; XRF 2
